

{
	"Foodmenu": [{
			"id": "0",
			"recipe": "Pasta",
			"cuisine": "Italian",
			"category": ["Vegetarian","NonVegetarian"],
			"description": "Ricotta cheese gnocchi, and broccoli combine in this Italian-inspired skillet dinner",
			"pic": "recipe0",
		"ingredients":["8 oz. bucatini or spaghetti",
		"2 tbsp. butter",
		"1 c. grated Parmesan",
		"4 c. baby arugula",
		"2 c. diced warm rotisserie chicken",
		"Extra Parmesan and black pepper, for serving"],
		"directions":"Cook bucatini or spaghetti in boiling salted water until al dente. Drain, reserving 1 1/4 cups cooking water.Meanwhile, cook 2 teaspoons freshly ground black pepper in butter in a large Dutch oven over medium-high heat until fragrant, about 1 minute. Add 3/4 cup pasta water and bring to a simmer.Reduce heat to low and stir in hot pasta and grated Parmesan, stirring constantly until cheese is melted (add more pasta water if sauce seems dry).Fold in baby arugula and warm rotisserie chicken, tossing until arugula is just wilted. Serve immediately topped with additional Parmesan and black pepper."

		},
		{
			"id": "1",
			"recipe": "Noodles",
			"cuisine": "Chinese",
			"category": ["Vegetarian","NonVegetarian"],
			"description": "Soya Sauce, Peppers and broccoli combine in this Chinese-inspired skillet dinner",
			"pic": "recipe1",
			"ingredients":["8 ounces thin lo mein noodles",
			"1 tablespoon peanut oil",
			"1 carrot, julienned",
			"1/2 head napa cabbage, sliced thin",
			"1/2 onion, sliced",
			"1/4 cup chicken broth",
			"1/4 cup low-sodium soy sauce",
			"1 teaspoon sesame oil",
			"Sliced green onions, for topping"],
			"directions":"Bring a pot of water to a boil and cook the noodles according to the package directions. Drain and set aside.Heat a skillet over medium-high heat and add the peanut oil. Add the carrots, cabbage and onions and cook for 1 minute. Add the chicken broth, soy sauce and sesame oil, then toss in the noodles. Top with sliced green onions."


		},
		{
			"id": "2",
			"recipe": "Burger",
			"cuisine": "All",
			"category": ["Vegetarian","NonVegetarian"],
			"description": "Tomato, Onions, Peppers and Cheese combine in burger with your favorite mayo, barbecue or tomato sauce",
			"pic": "recipe2",
			"ingredients":["1 1/2 lb. ground chicken",
				"1 oz. grated Parmesan",
				"2 garlic cloves, minced",
				"2 tbsp. Chopped fresh oregano",
				"Kosher salt",
				"black pepper",
				"4 slices fresh mozzarella",
				"4 sourdough rolls",
				"Mayonnaise, for serving",
				"Fresh basil, for serving",
				"Tomato, for serving"],
			"directions":"Combine ground chicken, Parmesan, garlic cloves, and oregano; Shape into 4 (4-inch) patties. Season with salt and pepper.Grill, covered, over medium-high heat until cooked through, 3 to 4 minutes per side. Top patties with 4 slices fresh mozzarella and grill, covered, until melted, 1 to 2 minutes.Serve on grilled sourdough rolls with mayonnaise, basil, and tomato."

		}, {
			"id": "3",
			"recipe": "Pizza",
			"cuisine": "Italian",
			"category": ["NonVegetarian","Vegetarian"],
			"description": "With your choice of bread , cheese, meat, toppings and sauce",
			"pic": "recipe3",
			"ingredients":["2 1⁄2 cups flour",
				"1 teaspoon salt",
				"1 teaspoon sugar",
				"1 tablespoon fast rise yeast",
				"1 cup water (120*)",
				"1 tablespoon oil",
				"1⁄4 cup tomato sauce",
				"1 teaspoon italian seasoning",
				"1⁄2 teaspoon garlic powder",
				"1⁄2 teaspoon salt",
				"1⁄8 teaspoon pepper",
				"1 1⁄2 cups pepperoni slices",
				"1 cup shredded mozzarella cheese",
				"1 cup shredded monterey jack cheese",
				"3 tablespoons grated parmesan cheese"],
			"directions":"In large bowl, mix first 4 ingredients.Mix water and oil; add to flour mixture.Turn onto floured surface; knead for 2 minutes.Place in a greased bowl; turning to grease top.Cover and let rise for 20 minutes.Punch down; place on 12in, greased pizza pan.Pat into a circle.Mix first 5 ingredients and spread over crust.Put a few pepperoni slices on top of sauce.Sprinkle with 1/2 the mozzeralla; 1/2 the monterey jack, and 1/2 the parmesan.Put the rest of the pepperoni on.Repeat the cheese layer.Bake at 400* for 20 minutes or until light brown."
		}, {
			"id": "4",
			"recipe": "Sandwich",
			"cuisine": "All",
			"category": ["Vegetarian","NonVegetarian","Vegan"],
			"description": "With your choice of bread , cheese, meat, veggies and sauce",
			"pic": "recipe4",
			"ingredients":["1 -2 lb boneless skinless chicken breast",
				"1 (18 ounce) jarof your favorite barbecue sauce (I love K.C. Masterpiece!)",
				"1 medium sweet onion, sliced",
				"4 -6 hamburger buns"],
			"directions":"Remove all visible fat from the chicken and toss it in the crock pot.Place the onion slices on top of the chicken.Pour the barbecue sauce over top.You may not need the entire jar, just enough to cover the chicken.Cook it on LOW for 8 hours or until the chicken is nice and tender.Shred the chicken with a fork and knife; scoop the mixture onto the bottom buns and top it with the top buns.Or, if you're like my dad, you might prefer leaving the breasts whole and eating it that way.Voila!An easy weeknight meal that doesn't heat up your kitchen in the summertime!I love this with potato chips and a carrot and raisin salad."
		}, {
			"id": "5",
			"recipe": "Fried Rice",
			"cuisine": "Chinese",
			"category": ["NonVegetarian","Vegetarian"],
			"description": "Soya Sauce, Peppers and broccoli combine in this Fried rice which is a Chinese-inspired skillet dinner",
			"pic": "recipe5",
			"ingredients":["3⁄4 cup finely chopped onion",
			"2 1⁄2 tablespoons oil",
			"1 egg, lightly beaten (or more eggs if you like)",
			"3 drops soy sauce",
			"3 drops sesame oil",
			"8 ounces cooked lean boneless pork or 8 ounces chicken, chopped",
			"1⁄2 cup finely chopped carrot (very small)",
			"1⁄2 cup frozen peas, thawed",
			"4 cups cold cooked rice, grains separated (preferably medium grain)",
			"4 green onions, chopped",
			"2 cups bean sprouts",
			"2 tablespoons light soy sauce (add more if you like)"],
			"directions":"Heat 1 tbsp oil in wok; add chopped onions and stir-fry until onions turn a nice brown color, about 8-10 minutes; remove from wok.Allow wok to cool slightly.Mix egg with 3 drops of soy and 3 drops of sesame oil; set aside.Add 1/2 tbsp oil to wok, swirling to coat surfaces; add egg mixture; working quickly, swirl egg until egg sets against wok; when egg puffs, flip egg and cook other side briefly; remove from wok, and chop into small pieces.Heat 1 tbsp oil in wok; add selected meat to wok, along with carrots, peas, and cooked onion; stir-fry for 2 minutes.Add rice, green onions, and bean sprouts, tossing to mix well; stir-fry for 3 minutes.Add 2 tbsp of light soy sauce and chopped egg to rice mixture and fold in; stir-fry for 1 minute more; serve.Set out additional soy sauce on the table, if desired."

		}, {
			"id": "6",
			"recipe": "Chicken curry",
			"cuisine": "Indian",
			"category": ["NonVegetarian"],
			"description": " curry consists of chicken stewed in an onion and tomato-based sauce, flavored with ginger, garlic, mango chutney, tomato puree, chili peppers and a variety of spices, often including turmeric, cumin, coriander, cinnamon, cardamom in this spicy Indian skillet dinner",
			"pic": "recipe6",
			"ingredients":["3 tablespoons olive oil",
				"1 small onion, chopped",
				"2 garlic cloves, minced",
				"3 tablespoons curry powder",
				"1 teaspoon ground cinnamon",
				"1 teaspoon paprika",
				"1 bay leaf",
				"1⁄2 teaspoon grated fresh gingerroot",
				"1⁄2 teaspoon white sugar",
				"salt",
				"2 chicken breast halves, skinless, boneless, cut into bite-size pieces",
				"1 tablespoon tomato paste",
				"1 cup plain yogurt",
				"3⁄4 cup coconut milk",
				"1⁄2 lemon, juiced",
				"1⁄2 teaspoon cayenne pepper"],
			"directions":"Heat olive oil in a skillet over medium heat. Saute onion until lightly browned. Stir in garlic, curry powder, cinnamon, paprika, bay leaf, ginger, sugar and salt. Continue stirring for 2 minutes. Add chicken pieces, tomato paste, yogurt, and coconut milk. Bring to a boil, reduce heat, and simmer for 20 to 25 minutes.Remove bay leaf, and stir in lemon juice and cayenne pepper. Simmer 5 more minutes."
		}, {
			"id": "7",
			"recipe": "Pulses/Daal",
			"cuisine": "Indian",
			"category": ["Vegetarian"],
			"description": "boiling a variety of dal (or a mix) in water with some turmeric, salt to taste",
			"pic": "recipe7",
			"ingredients":["15 ounces black beans",
				"6 cups water",
				"butter-flavored cooking spray",
				"1 tablespoon ginger, chopped",
				"5 medium garlic cloves, chopped",
				"1 cup tomato sauce",
				"1 tablespoon coriander",
				"1 teaspoon cumin",
				"1⁄2 teaspoon red cayenne pepper"],
			"directions":"Rinse beans.Put beans and 4 cups of water into large pot. Heat to boiling. Reduce heat, cover and simmer for 30 minutes.Stir in remaining water, mush beans and simmer for another 30 minutes.While beans are simmering, add cooking spray to pan and stir-fry garlic and ginger till golden brown.Stir in tomato sauce and all spices except garam masaala and cilantro and simmer for 5 minutes.Add tomato mixture to beans, mush beans and cook for another 20 minutes.Add garam masaala and whipping cream and boil down till consistency is to your liking.Add cilantro and serve."
		}






































	]
}